,title,rating,genre,release_date,ranking,director,cast,budget,runtime,cum_worldwide_gross
0,Aquaman ,PG,"Action; 
Adventure; 
Fantasy",21 December 2018,7.6,James Wan,Jason Momoa;Amber Heard;Willem Dafoe;Patrick Wilson;Nicole Kidman;Dolph Lundgren;Yahya Abdul-Mateen II;Temuera Morrison;Ludi Lin;Michael Beach;Randall Park;Graham McTavish;Leigh Whannell;Tainui Kirkwood;Tamor Kirkwood,160000000,143,556815000
1,Spider-Man: Into the Spider-Verse ,PG,,14 December 2018,8.7,,Shameik Moore;Jake Johnson;Hailee Steinfeld;Mahershala Ali;Brian Tyree Henry;Lily Tomlin;Luna Lauren Velez;Zoë Kravitz;John Mulaney;Kimiko Glenn;Nicolas Cage;Kathryn Hahn;Liev Schreiber;Chris Pine;Natalie Morales,90000000,117,143949916
2,Bumblebee ,PG,"Action; 
Adventure; 
Sci-Fi",21 December 2018,7.3,Travis Knight,Hailee Steinfeld;Jorge Lendeborg Jr.;John Cena;Jason Drucker;Pamela Adlon;Stephen Schneider;Ricardo Hoyos;John Ortiz;Glynn Turman;Len Cariou;Kollin Holtz;Gracie Dzienny;Fred Dryer;Isabelle Ellingson;Mika Kubo,135000000,114,71624958
3,Bird Box ,,"Drama; 
Horror; 
Sci-Fi",21 December 2018,6.8,Susanne Bier,Sandra Bullock;Trevante Rhodes;John Malkovich;Sarah Paulson;Jacki Weaver;Rosa Salazar;Danielle Macdonald;Lil Rel Howery;Tom Hollander;Machine Gun Kelly;BD Wong;Pruitt Taylor Vince;Vivien Lyra Blair;Julian Edwards;Parminder Nagra,,124,
4,Mary Poppins Returns ,G,"Comedy; 
Family; 
Fantasy",19 December 2018,7.3,Rob Marshall,Emily Blunt;Lin-Manuel Miranda;Ben Whishaw;Emily Mortimer;Pixie Davies;Nathanael Saleh;Joel Dawson;Julie Walters;Meryl Streep;Colin Firth;Jeremy Swift;Kobna Holdbrook-Smith;Dick Van Dyke;Angela Lansbury;David Warner,130000000,130,82940923
5,Hellboy ,,"Action; 
Adventure; 
Fantasy",12 April 2019,,Neil Marshall,David Harbour;Milla Jovovich;Sasha Lane;Penelope Mitchell;Ian McShane;Daniel Dae Kim;Ashley Edner;Thomas Haden Church;Sophie Okonedo;Brian Gleeson;Kristina Klebe;Alistair Petrie;Vanessa Eichholz;Douglas Tait;Laila Morse,,,
6,Roma ,PG,Drama,21 November 2018,8.3,Alfonso Cuarón,Yalitza Aparicio;Marina de Tavira;Diego Cortina Autrey;Carlos Peralta;Marco Graf;Daniela Demesa;Nancy García García;Verónica García;Andy Cortés;Fernando Grediaga;Jorge Antonio Guerrero;José Manuel Guerrero Mendoza;Latin Lover;Zarela Lizbeth Chinolla Arellano;José Luis López Gómez,,135,
7,Mortal Engines ,PG,"Action; 
Adventure; 
Fantasy",14 December 2018,6.4,Christian Rivers,Hera Hilmar;Robert Sheehan;Hugo Weaving;Jihae;Ronan Raftery;Leila George;Patrick Malahide;Stephen Lang;Colin Salmon;Mark Mitchinson;Regé-Jean Page;Menik Gooneratne;Frankie Adams;Leifur Sigurdarson;Kahn West,100000000,128,55598985
8,Creed II ,PG,"Drama; 
Sport",21 November 2018,7.7,Steven Caple Jr.,Michael B. Jordan;Sylvester Stallone;Tessa Thompson;Phylicia Rashad;Dolph Lundgren;Florian Munteanu;Russell Hornsby;Wood Harris;Milo Ventimiglia;Robbie Johns;Andre Ward;Brigitte Nielsen;Patrice Harris;Jacob 'Stitch' Duran;Ana Gerena,50000000,130,138432925
9,The Mule ,,"Crime; 
Drama; 
Mystery",14 December 2018,7.2,Clint Eastwood,Clint Eastwood;Bradley Cooper;Taissa Farmiga;Alison Eastwood;Michael Peña;Andy Garcia;Laurence Fishburne;Dianne Wiest;Ignacio Serricchio;Jill Flint;Clifton Collins Jr.;Robert LaSardo;Noel Gugliemi;Katie Gill;Manny Montana,50000000,116,
10,Men in Black: International ,,"Action; 
Comedy; 
Sci-Fi",14 June 2019,,F. Gary Gray,Tessa Thompson;Rebecca Ferguson;Chris Hemsworth;Liam Neeson;Emma Thompson;Rafe Spall;Davina Sitaram;Viktorija Faith;Nasir Jama;Kumail Nanjiani;Penelope Kapudija;Natasha Culzac;Elle Black;Stephen Wight;Anatole Taubman,,,
11,Fantastic Beasts: The Crimes of Grindelwald ,PG,"Adventure; 
Family; 
Fantasy",16 November 2018,6.8,David Yates,Johnny Depp;Kevin Guthrie;Carmen Ejogo;Wolf Roth;Eddie Redmayne;Zoë Kravitz;Callum Turner;Derek Riddell;Cornell John;Ezra Miller;Ingvar Eggert Sigurðsson;Poppy Corby-Tuech;Andrew Turner;Maja Bloom;Simon Meacock,200000000,134,
12,Mowgli ,PG-13,"Adventure; 
Drama; 
Fantasy",7 December 2018,6.6,Andy Serkis,Christian Bale;Cate Blanchett;Benedict Cumberbatch;Naomie Harris;Andy Serkis;Peter Mullan;Jack Reynor;Eddie Marsan;Tom Hollander;Matthew Rhys;Freida Pinto;Rohan Chand;Keveshan Pillay;Louis Ashbourne Serkis;Moonsamy Narasigadu,,,
13,Venom ,,"Action; 
Sci-Fi",5 October 2018,6.8,Ruben Fleischer,Tom Hardy;Michelle Williams;Riz Ahmed;Scott Haze;Reid Scott;Jenny Slate;Melora Walters;Woody Harrelson;Peggy Lu;Malcolm C. Murray;Sope Aluko;Wayne Pére;Michelle Lee;Kurt Yue;Chris O'Hara,100000000,112,
14,Welcome to Marwen ,PG,,21 December 2018,5.5,Robert Zemeckis,Steve Carell;Falk Hentschel;Matt O'Leary;Nikolai Witschl;Patrick Roccas;Alexander Lowe;Eiza González;Leslie Zemeckis;Merritt Wever;Gwendoline Christie;Stefanie von Pfetten;Janelle Monáe;Leslie Mann;Neil Jackson;Samantha Hum,39000000,116,
15,Zero ,PG,"Comedy; 
Drama; 
Romance",21 December 2018,6.3,Aanand L. Rai,Shah Rukh Khan;Anushka Sharma;Katrina Kaif;Mohammed Zeeshan Ayyub;Abhay Deol;Ganesh Acharya;Spencer Allport;Alan Applegate;Sophia Arrington;Tatiana Beauchamp;Bryan Benfield;Alia Bhatt;Jude Biancone;Bill Billions;Jermaine Boswell,,164,
16,Bohemian Rhapsody ,PG,,2 November 2018,8.3,Bryan Singer,Rami Malek;Lucy Boynton;Gwilym Lee;Ben Hardy;Joseph Mazzello;Aidan Gillen;Allen Leech;Tom Hollander;Mike Myers;Aaron McCusker;Meneka Das;Ace Bhatti;Priya Blackburn;Dermot Murphy;Dickie Beau,52000000,134,433000000
17,A Simple Favor ,,"Comedy; 
Crime; 
Drama",14 September 2018,7.0,Paul Feig,Anna Kendrick;Ian Ho;Joshua Satine;Glenda Braganza;Andrew Rannells;Kelly McCormack;Aparna Nancherla;Jiah Mavji;Ava LaFramboise;Blake Lively;Henry Golding;Dustin Milligan;Danielle Bourgon;Gia Sandhu;Lila Yee,20000000,117,
18,Vice ,,,25 December 2018,7.0,Adam McKay,Christian Bale;Amy Adams;Steve Carell;Sam Rockwell;Alison Pill;Eddie Marsan;Justin Kirk;LisaGay Hamilton;Jesse Plemons;Bill Camp;Don McManus;Lily Rabe;Shea Whigham;Stephen Adly Guirgis;Tyler Perry,60000000,132,
19,The House That Jack Built ,,"Drama; 
Horror",17 October 2018,7.1,Lars von Trier,Matt Dillon;Bruno Ganz;Uma Thurman;Siobhan Fallon Hogan;Sofie Gråbøl;Riley Keough;Jeremy Davies;Jack McKenzie;Ed Speleers;David Bailie;Mathias Hjelm;Ji-tae Yu;Emil Tholstrup;Marijana Jankovic;Carina Skenhede,,152,
20,Love Actually ,,"Comedy; 
Drama; 
Romance",14 November 2003,7.6,Richard Curtis,Bill Nighy;Gregor Fisher;Rory MacGregor;Colin Firth;Sienna Guillory;Liam Neeson;Emma Thompson;Lulu Popplewell;Kris Marshall;Heike Makatsch;Martin Freeman;Joanna Page;Chiwetel Ejiofor;Andrew Lincoln;Keira Knightley,40000000,135,246942017
21,Avengers: Endgame ,,"Action; 
Adventure; 
Fantasy",26 April 2019,,,Chris Hemsworth;Brie Larson;Karen Gillan;Bradley Cooper;Scarlett Johansson;Evangeline Lilly;Robert Downey Jr.;Tom Holland;Jon Favreau;Josh Brolin;Chris Evans;Elizabeth Olsen;Michelle Pfeiffer;Pom Klementieff;Paul Rudd,,,
22,Dumplin' ,PG-13,"Comedy; 
Drama; 
Musical",7 December 2018,6.9,Anne Fletcher,Danielle Macdonald;Jennifer Aniston;Odeya Rush;Maddie Baillio;Bex Taylor-Klaus;Luke Benward;Georgie Flores;Dove Cameron;Harold Perrineau;Kathy Najimy;Joshua Allan Eads;Hilliary Begley;Sam Pancake;Dan Finnerty;Molly McNearney,,110,
23,Bad Times at the El Royale ,,"Crime; 
Drama; 
Mystery",12 October 2018,7.3,Drew Goddard,Jeff Bridges;Cynthia Erivo;Dakota Johnson;Jon Hamm;Chris Hemsworth;Cailee Spaeny;Lewis Pullman;Nick Offerman;Xavier Dolan;Shea Whigham;Mark O'Brien;Charles Halford;Jim O'Heir;Gerry Nairn;Alvina August,32000000,141,
24,Aladdin ,,"Adventure; 
Family; 
Fantasy",24 May 2019,,Guy Ritchie,Naomi Scott;Mena Massoud;Will Smith;Marwan Kenzari;Billy Magnussen;Nasim Pedrad;Numan Acar;Navid Negahban;Nikkita Chadha;Kamil Lemieszewski;Bern Collaço;Joey Ansah;Adam Collins;Will Blagrove;Emily Ng,,,
25,The Grinch ,G,,9 November 2018,6.4,,Benedict Cumberbatch;Cameron Seely;Rashida Jones;Pharrell Williams;Tristan O'Hare;Kenan Thompson;Sam Lavagnino;Ramone Hamilton;Angela Lansbury;Scarlett Estevez;Michael Beattie;Lori Alan;Carter Hastings;Carlos Alazraqui;John Kassir,75000000,86,
26,National Lampoon's Christmas Vacation ,PG,Comedy,1 December 1989,7.6,Jeremiah S. Chechik,Chevy Chase;Beverly D'Angelo;Juliette Lewis;Johnny Galecki;John Randolph;Diane Ladd;E.G. Marshall;Doris Roberts;Randy Quaid;Miriam Flynn;Cody Burger;Ellen Latzen;William Hickey;Mae Questel;Sam McMurray,27000000,97,
27,The Favourite ,,,21 December 2018,8.2,Yorgos Lanthimos,Olivia Colman;Rachel Weisz;Emma Delves;Faye Daveney;Emma Stone;Paul Swaine;Jennifer White;LillyRose Stevens;Denise Mack;James Smith;Mark Gatiss;Horatio;Willem Dalby;Edward Aczel;Carolyn Saint-Pé,15000000,119,
28,Home Alone ,G,"Comedy; 
Family",16 November 1990,7.5,Chris Columbus,Macaulay Culkin;Joe Pesci;Daniel Stern;John Heard;Roberts Blossom;Catherine O'Hara;Angela Goethals;Devin Ratray;Gerry Bamman;Hillary Wolf;John Candy;Larry Hankin;Michael C. Maronna;Kristin Minter;Diana Rein,18000000,103,533800000
29,The Christmas Chronicles ,,"Adventure; 
Comedy; 
Family",22 November 2018,7.2,Clay Kaytis,Oliver Hudson;Kimberly Williams-Paisley;Jesse Gervasi;David Kohlsmith;Kaitlyn Airdrie;Jack Bona;Judah Lewis;Darby Camp;Paskal Vaklev;Abel Tekeste;Kurt Russell;Vella Lovell;Jameson Kraemer;Lauren Collins;Solla Park,,104,
30,Ralph Breaks the Internet ,G,,21 November 2018,7.4,,John C. Reilly;Sarah Silverman;Gal Gadot;Taraji P. Henson;Jack McBrayer;Jane Lynch;Alan Tudyk;Alfred Molina;Ed O'Neill;Sean Giambrone;Flula Borg;Timothy Simons;Ali Wong;Hamish Blake;GloZell Green,175000000,112,313494192
31,Mary Queen of Scots ,,,18 January 2019,6.5,Josie Rourke,Angela Bain;Richard Cant;Guy Rhys;Thom Petty;Saoirse Ronan;Izuka Hoyle;Margot Robbie;John Ramm;Simon Russell Beale;Abby Cassidy;Shalisha James-Davis;Maria Dragus;Eileen O'Higgins;Liah O'Prey;Greg Miller Burns,25000000,124,
32,The Predator ,,"Action; 
Adventure; 
Horror",14 September 2018,5.5,Shane Black,Boyd Holbrook;Trevante Rhodes;Jacob Tremblay;Keegan-Michael Key;Olivia Munn;Sterling K. Brown;Thomas Jane;Alfie Allen;Augusto Aguilera;Jake Busey;Yvonne Strahovski;Brian A. Prince;Mike Dopud;Niall Matter;Javier Lacroix,88000000,107,
33,Avengers: Infinity War ,PG,"Action; 
Adventure; 
Fantasy",27 April 2018,8.5,,Robert Downey Jr.;Chris Hemsworth;Mark Ruffalo;Chris Evans;Scarlett Johansson;Don Cheadle;Benedict Cumberbatch;Tom Holland;Chadwick Boseman;Zoe Saldana;Karen Gillan;Tom Hiddleston;Paul Bettany;Elizabeth Olsen;Anthony Mackie,321000000,149,2048709917
34,Elf ,G,"Comedy; 
Family; 
Fantasy",7 November 2003,6.9,Jon Favreau,Will Ferrell;James Caan;Bob Newhart;Edward Asner;Mary Steenburgen;Zooey Deschanel;Daniel Tay;Faizon Love;Peter Dinklage;Amy Sedaris;Michael Lerner;Andy Richter;Kyle Gass;Artie Lange;Leon Redbone,33000000,97,47044933
35,Joker ,,"Crime; 
Drama; 
Thriller",4 October 2019,,Todd Phillips,Joaquin Phoenix;Robert De Niro;Zazie Beetz;Shea Whigham;Bryan Callen;Frances Conroy;Marc Maron;Bill Camp;Douglas Hodge;Glenn Fleshler;Brett Cullen;Jolie Chan;Josh Pais;Mary Kate Malat;Dante Pereira-Olson,55000000,,
36,A Star Is Born ,,"Drama; 
Music; 
Romance",5 October 2018,8.1,Bradley Cooper,Lady Gaga;Bradley Cooper;Sam Elliott;Andrew Dice Clay;Rafi Gavron;Anthony Ramos;Dave Chappelle;Alec Baldwin;Marlon Williams;Brandi Carlile;Ron Rifkin;Barry Shabaka Henley;Michael D. Roberts;Michael Harney;Rebecca Field,36000000,136,
37,The Ballad of Buster Scruggs ,R,"Comedy; 
Drama; 
Musical",9 November 2018,7.4,,Tim Blake Nelson;Willie Watson;Clancy Brown;Danny McCarthy;David Krumholtz;Thomas Wingate;Tim DeZarn;E.E. Bell;Alejandro Patiño;Tom Proctor;Clinton Roberts;Matthew Willig;Jesse Youngblood;J.J. Dashnaw;James Franco,,133,
38,How the Grinch Stole Christmas ,G,"Comedy; 
Family; 
Fantasy",17 November 2000,6.1,Ron Howard,Jim Carrey;Taylor Momsen;Kelley;Jeffrey Tambor;Christine Baranski;Bill Irwin;Molly Shannon;Clint Howard;Josh Ryan Evans;Mindy Sterling;Rachel Winfree;Rance Howard;Jeremy Howard;T.J. Thyne;Lacey Kohl,123000000,104,345141403
39,The Sound of Music ,G,,1 April 1965,8.0,Robert Wise,Julie Andrews;Christopher Plummer;Eleanor Parker;Richard Haydn;Peggy Wood;Charmian Carr;Heather Menzies-Urich;Nicholas Hammond;Duane Chase;Angela Cartwright;Debbie Turner;Kym Karath;Anna Lee;Portia Nelson;Ben Wright,8200000,172,286214286
40,Hunter Killer ,,"Action; 
Thriller",26 October 2018,6.8,Donovan Marsh,Ethan Baird;Jacob Scipio;Dempsey Bovell;Corey Johnson;Adam James;Common;Henry Goodman;Colin Stinton;Gary Oldman;Gerard Butler;Carter MacIntyre;Shane Taylor;Kola Bokinni;Mikey Collins;Will Attenborough,,122,
41,Robin Hood ,PG,"Action; 
Adventure; 
Thriller",21 November 2018,5.4,Otto Bathurst,Taron Egerton;Jamie Foxx;Ben Mendelsohn;Eve Hewson;Jamie Dornan;Tim Minchin;Paul Anderson;F. Murray Abraham;Ian Peck;Cornelius Booth;Kane Headley-Cummings;Scot Greenan;Lara Rossi;Kevin Griffiths;Catriona Temple,100000000,116,73228914
42,Mission: Impossible - Fallout ,PG,"Action; 
Adventure; 
Thriller",27 July 2018,7.9,Christopher McQuarrie,Tom Cruise;Henry Cavill;Ving Rhames;Simon Pegg;Rebecca Ferguson;Sean Harris;Angela Bassett;Vanessa Kirby;Michelle Monaghan;Wes Bentley;Frederick Schmidt;Alec Baldwin;Liang Yang;Kristoffer Joner;Wolf Blitzer,178000000,147,791107538
43,White Boy Rick ,,"Crime; 
Drama",14 September 2018,6.5,Yann Demange,Matthew McConaughey;Richie Merritt;Bel Powley;Jennifer Jason Leigh;Brian Tyree Henry;Rory Cochrane;RJ Cyler;Jonathan Majors;Eddie Marsan;Taylour Paige;Bruce Dern;Piper Laurie;Raekwon Haynes;Ishmael Ali;James Howard,29000000,111,
44,Once Upon a Time in Hollywood ,,"Comedy; 
Drama",26 July 2019,,Quentin Tarantino,Margot Robbie;Brad Pitt;Kurt Russell;Leonardo DiCaprio;Dakota Fanning;Al Pacino;Timothy Olyphant;Nicholas Hammond;Lorenza Izzo;Victoria Pedretti;Scoot McNairy;James Marsden;Austin Butler;Sydney Sweeney;James Remar,100000000,,
45,First Man ,PG,,12 October 2018,7.5,Damien Chazelle,Ryan Gosling;Claire Foy;Jason Clarke;Kyle Chandler;Corey Stoll;Patrick Fugit;Christopher Abbott;Ciarán Hinds;Olivia Hamilton;Pablo Schreiber;Shea Whigham;Lukas Haas;Ethan Embry;Brian d'Arcy James;Cory Michael Smith,60000000,141,
46,Deadpool 2 ,,"Action; 
Adventure; 
Comedy",18 May 2018,7.8,David Leitch,Ryan Reynolds;Josh Brolin;Morena Baccarin;Julian Dennison;Zazie Beetz;T.J. Miller;Leslie Uggams;Karan Soni;Brianna Hildebrand;Jack Kesy;Eddie Marsan;Shioli Kutsuna;Stefan Kapicic;Randal Reeder;Nikolai Witschl,110000000,119,741547413
47,Ready Player One ,PG,"Action; 
Adventure; 
Sci-Fi",29 March 2018,7.5,Steven Spielberg,Tye Sheridan;Olivia Cooke;Ben Mendelsohn;Lena Waithe;T.J. Miller;Simon Pegg;Mark Rylance;Philip Zhao;Win Morisaki;Hannah John-Kamen;Ralph Ineson;Susan Lynch;Clare Higgins;Laurence Spellman;Perdita Weeks,175000000,140,582890172
48,Captain Marvel ,,"Action; 
Adventure; 
Sci-Fi",8 March 2019,,,Brie Larson;Mckenna Grace;Gemma Chan;Samuel L. Jackson;Jude Law;Lee Pace;Ben Mendelsohn;Annette Bening;Djimon Hounsou;Rune Temte;Clark Gregg;Colin Ford;Chuku Modu;Robert Kazinsky;Kenneth Mitchell,,,
49,The Greatest Showman ,PG,,20 December 2017,7.7,Michael Gracey,Hugh Jackman;Michelle Williams;Zac Efron;Zendaya;Rebecca Ferguson;Austyn Johnson;Cameron Seely;Keala Settle;Sam Humphrey;Yahya Abdul-Mateen II;Eric Anderson;Ellis Rubin;Skylar Dunn;Daniel Everidge;Radu Spinghel,84000000,105,434950846
50,Peppermint ,,"Action; 
Drama; 
Thriller",7 September 2018,6.5,Pierre Morel,Jennifer Garner;John Gallagher Jr.;John Ortiz;Juan Pablo Raba;Annie Ilonzeh;Jeff Hephner;Cailey Fleming;Eddie Shin;Method Man;Tyson Ritter;Ian Casselberry;Richard Cabral;Johnny Ortiz;Michael Reventar;Kyla-Drew,25000000,101,
51,Smallfoot ,G,,28 September 2018,6.7,,Channing Tatum;James Corden;Zendaya;Common;LeBron James;Danny DeVito;Gina Rodriguez;Yara Shahidi;Ely Henry;Jimmy Tatro;Patricia Heaton;Justin Roiland;Jack Quaid;Sarah Baker;Kelly Holden Bashar,,96,
52,Crazy Rich Asians ,PG,"Comedy; 
Romance",15 August 2018,7.1,Jon M. Chu,Constance Wu;Henry Golding;Michelle Yeoh;Gemma Chan;Lisa Lu;Awkwafina;Harry Shum Jr.;Ken Jeong;Sonoya Mizuno;Chris Pang;Jimmy O. Yang;Ronny Chieng;Remy Hii;Nico Santos;Jing Lusi,30000000,120,219756957
53,Widows ,,"Crime; 
Drama; 
Thriller",16 November 2018,7.4,Steve McQueen,Viola Davis;Liam Neeson;Jon Bernthal;Manuel Garcia-Rulfo;Coburn Goss;Michelle Rodriguez;Alejandro Verdin;Bailey Rhyse Walters;Elizabeth Debicki;Carrie Coon;Robert Duvall;Colin Farrell;Molly Kunz;James Vincent Meredith;Brian Tyree Henry,42000000,129,
54,The Sisters Brothers ,,"Adventure; 
Comedy; 
Crime",19 September 2018,7.1,Jacques Audiard,John C. Reilly;Joaquin Phoenix;Jake Gyllenhaal;Riz Ahmed;Rebecca Root;Allison Tolman;Rutger Hauer;Carol Kane;Patrice Cossonneau;Zac Abbott;David Gasman;Philip Rosch;Creed Bratton;Lenuta Bala;Jochen Hägele,,121,
55,Sonic the Hedgehog ,,,8 November 2019,,Jeff Fowler,Jim Carrey;James Marsden;Ben Schwartz;Neal McDonough;Adam Pally;Tika Sumpter;Debs Howard;Leanne Lapp;Bailey Skodje;Melody Nosipho Niemann;Elfina Luk;Natasha Rothwell;Frank C. Turner;Lee Majdoub;Emma Oliver,90000000,,
56,Mary Poppins ,G,"Comedy; 
Family; 
Fantasy",3 December 1964,7.8,Robert Stevenson,Julie Andrews;Dick Van Dyke;David Tomlinson;Glynis Johns;Hermione Baddeley;Reta Shaw;Karen Dotrice;Matthew Garber;Elsa Lanchester;Arthur Treacher;Reginald Owen;Ed Wynn;Jane Darwell;Arthur Malet;James Logan,6000000,139,115272727
57,Justice League ,PG,"Action; 
Adventure; 
Fantasy",17 November 2017,6.5,Zack Snyder,Ben Affleck;Henry Cavill;Amy Adams;Gal Gadot;Ezra Miller;Jason Momoa;Ray Fisher;Jeremy Irons;Diane Lane;Connie Nielsen;J.K. Simmons;Ciarán Hinds;Amber Heard;Joe Morton;Lisa Loven Kongsli,300000000,120,614729668
58,Green Book ,PG,,21 November 2018,8.3,Peter Farrelly,Viggo Mortensen;Mahershala Ali;Linda Cardellini;Sebastian Maniscalco;Dimiter D. Marinov;Mike Hatton;P.J. Byrne;Joe Cortese;Maggie Nixon;Von Lewis;Jon Sortland;Don Stark;Anthony Mangano;Paul Sloan;Quinn Duffy,23000000,130,29277203
59,Holmes & Watson ,PG,"Adventure; 
Comedy; 
Crime",25 December 2018,3.6,Etan Cohen,Will Ferrell;Ralph Fiennes;John C. Reilly;Lauren Lapkus;Rebecca Hall;Kelly Macdonald;Hugh Laurie;Pam Ferris;Noah Jupe;Steve Coogan;Adam Scherr;Bella Ramsey;Rob Brydon;Wolf Roth;Michael Culkin,42000000,90,10043151
60,Godzilla: King of the Monsters ,PG-13,"Action; 
Adventure; 
Fantasy",31 May 2019,,Michael Dougherty,Millie Bobby Brown;Vera Farmiga;Sally Hawkins;Charles Dance;Bradley Whitford;Kyle Chandler;Ziyi Zhang;Thomas Middleditch;David Strathairn;Ken Watanabe;O'Shea Jackson Jr.;Aisha Hinds;Anthony Ramos;CCH Pounder;Lyle Brocato,,,
61,The House with a Clock in Its Walls ,PG,"Comedy; 
Family; 
Fantasy",21 September 2018,6.1,Eli Roth,Jack Black;Cate Blanchett;Owen Vaccaro;Kyle MacLachlan;Renée Elise Goldsberry;Colleen Camp;Sunny Suljic;Lorenza Izzo;Braxton Bjerken;Vanessa Anne Williams;Ricky Muse;Charles Green;De'Jon Watts;Aaron Beelner;Joshua Phillips,42000000,105,
62,They Shall Not Grow Old ,,,9 November 2018,8.6,Peter Jackson,,,99,
63,How to Train Your Dragon: The Hidden World ,PG,,22 February 2019,,Dean DeBlois,Cate Blanchett;Jonah Hill;Gerard Butler;Kit Harington;Kristen Wiig;Jay Baruchel;Christopher Mintz-Plasse;America Ferrera;Ólafur Darri Ólafsson;F. Murray Abraham;Craig Ferguson;AJ Kane,,,
64,Die Hard ,R,"Action; 
Thriller",20 July 1988,8.2,John McTiernan,Bruce Willis;Bonnie Bedelia;Reginald VelJohnson;Paul Gleason;William Atherton;Hart Bochner;James Shigeta;Alan Rickman;Alexander Godunov;Bruno Doyon;De'voreaux White;Andreas Wisniewski;Clarence Gilyard Jr.;Joey Plewa;Lorenzo Caccialanza,28000000,132,140767956
65,Second Act ,PG,"Comedy; 
Romance",21 December 2018,5.9,Peter Segal,Jennifer Lopez;Vanessa Hudgens;Leah Remini;Treat Williams;Milo Ventimiglia;Annaleigh Ashford;Charlyne Yi;Alan Aisenberg;Freddie Stroma;Dave Foley;Larry Miller;Dierdre Friel;Lacretta;Dan Bucatinsky;Dalton Harrod,16000000,103,15150000
66,The Equalizer 2 ,,"Action; 
Crime; 
Thriller",20 July 2018,6.8,Antoine Fuqua,Denzel Washington;Pedro Pascal;Ashton Sanders;Orson Bean;Bill Pullman;Melissa Leo;Jonathan Scarfe;Sakina Jaffrey;Kazy Tauginas;Garrett Golden;Adam Karst;Alican Barlas;Rhys Olivia Cote;Tamara Hickey;Ken Baltin,62000000,121,124229992
67,Halloween ,,,19 October 2018,6.9,David Gordon Green,Jamie Lee Curtis;Judy Greer;Andi Matichak;James Jude Courtney;Nick Castle;Haluk Bilginer;Will Patton;Rhian Rees;Jefferson Hall;Toby Huss;Virginia Gardner;Dylan Arnold;Miles Robbins;Drew Scheid;Jibrail Nantambu,10000000,106,
68,White Christmas ,G,"Comedy; 
Musical; 
Romance",15 November 1954,7.6,Michael Curtiz,Bing Crosby;Danny Kaye;Rosemary Clooney;Vera-Ellen;Dean Jagger;Mary Wickes;John Brascia;Anne Whitfield,,120,
69,The Polar Express ,G,,10 November 2004,6.6,Robert Zemeckis,Tom Hanks;Leslie Zemeckis;Eddie Deezen;Nona Gaye;Peter Scolari;Brendan King;Andy Pellick;Josh Eli;Mark Mendonca;Rolandas Hendricks;Mark Goodman;Jon Scott;Gregory Gast;Sean Scott;Gordon Hart,165000000,100,307514317
70,Glass ,PG-13,"Drama; 
Mystery; 
Sci-Fi",18 January 2019,,M. Night Shyamalan,Sarah Paulson;Bruce Willis;Samuel L. Jackson;Anya Taylor-Joy;James McAvoy;Luke Kirby;Spencer Treat Clark;Jane Park Smith;Charlayne Woodard;Kyli Zion;Diana Silvers;Marisa Brown;Adam David Thompson;Nina Wisner;Shayna Ryan,20000000,129,
71,It's a Wonderful Life ,G,"Drama; 
Family; 
Fantasy",7 January 1947,8.6,Frank Capra,James Stewart;Donna Reed;Lionel Barrymore;Thomas Mitchell;Henry Travers;Beulah Bondi;Frank Faylen;Ward Bond;Gloria Grahame;H.B. Warner;Frank Albertson;Todd Karns;Samuel S. Hinds;Mary Treen;Virginia Patton,3180000,130,
72,The Meg ,PG,"Action; 
Horror; 
Sci-Fi",10 August 2018,5.8,Jon Turteltaub,Jason Statham;Bingbing Li;Rainn Wilson;Cliff Curtis;Winston Chao;Shuya Sophia Cai;Ruby Rose;Page Kennedy;Robert Taylor;Ólafur Darri Ólafsson;Jessica McNamee;Masi Oka;Raymond Vinten;Hongmei Mai;Wei Yi,130000000,113,315960074
73,Blockers ,,Comedy,6 April 2018,6.2,Kay Cannon,Leslie Mann;John Cena;Ike Barinholtz;Kathryn Newton;Geraldine Viswanathan;Gideon Adlon;Ramona Young;Graham Phillips;Miles Robbins;Jimmy Bellinger;Colton Dunn;Sarayu Blue;Gary Cole;Gina Gershon;June Diane Raphael,21000000,102,93665491
74,Spider-Man: Far From Home ,,"Action; 
Adventure; 
Comedy",5 July 2019,,Jon Watts,Jake Gyllenhaal;Zendaya;Samuel L. Jackson;Tom Holland;Jon Favreau;Marisa Tomei;Cobie Smulders;Michael Keaton;Angourie Rice;Davina Sitaram;Martin Starr;Numan Acar;Remy Hii;Tony Revolori;J.B. Smoove,,,
75,Backtrace ,R,"Crime; 
Drama",14 December 2018,3.7,Brian A. Miller,Sylvester Stallone;Ryan Guzman;Meadow Williams;Matthew Modine;Christopher McDonald;Colin Egglesfield;Baylee Curran;Heather Johansen;Jenna Willis;Swen Temmel;Tamara Belous;Tyler Jon Olson;Alanna Tremblay;Lydia Hull;Victoria Fraunberger,,92,
76,Andhadhun ,PG,"Comedy; 
Crime; 
Thriller",5 October 2018,8.9,Sriram Raghavan,Ayushmann Khurrana;Tabu;Radhika Apte;Anil Dhawan;Manav Vij;Ashwini Kalsekar;Chhaya Kadam;Zakir Hussain;Rashmi Agdekar;Mohini Kewalramani;Pratik Nandkumar More;Mahesh Rale;Kabir Sajid;Abhishek Shukla;Gopal K. Singh,,139,
77,The Santa Clause ,G,"Comedy; 
Drama; 
Family",11 November 1994,6.4,John Pasquin,Tim Allen;Judge Reinhold;Wendy Crewson;Eric Lloyd;David Krumholtz;Larry Brandenburg;Mary Gross;Paige Tamada;Peter Boyle;Judith Scott;Jayne Eastwood;Melissa King;Bradley Wentworth;Azura Bates;Joshua Satok,22000000,97,189800000
78,Home Alone 2: Lost in New York ,G,"Adventure; 
Comedy; 
Family",20 November 1992,6.7,Chris Columbus,Macaulay Culkin;Joe Pesci;Daniel Stern;Catherine O'Hara;John Heard;Devin Ratray;Hillary Wolf;Maureen Elisabeth Shay;Michael C. Maronna;Gerry Bamman;Terrie Snell;Jedidiah Cohen;Senta Moses Mikan;Diana Rein;Kieran Culkin,18000000,120,358991681
79,BlacKkKlansman ,,,10 August 2018,7.6,Spike Lee,Alec Baldwin;John David Washington;Isiah Whitlock Jr.;Robert John Burke;Brian Tarantina;Arthur J. Nascarella;Ken Garito;Frederick Weller;Adam Driver;Michael Buscemi;Laura Harrier;Damaris Lewis;Ato Blankson-Wood;Corey Hawkins;Dared Wright,15000000,135,25592685
80,Incredibles 2 ,PG,,15 June 2018,7.8,Brad Bird,Craig T. Nelson;Holly Hunter;Sarah Vowell;Huck Milner;Catherine Keener;Eli Fucile;Bob Odenkirk;Samuel L. Jackson;Michael Bird;Sophia Bush;Brad Bird;Phil LaMarr;Isabella Rossellini;Adam Gates;Jonathan Banks,200000000,118,1121290260
81,Black Panther ,PG,"Action; 
Adventure; 
Sci-Fi",16 February 2018,7.4,Ryan Coogler,Chadwick Boseman;Michael B. Jordan;Lupita Nyong'o;Danai Gurira;Martin Freeman;Daniel Kaluuya;Letitia Wright;Winston Duke;Sterling K. Brown;Angela Bassett;Forest Whitaker;Andy Serkis;Florence Kasumba;John Kani;David S. Lee,200000000,134,1347071259
82,Zimna wojna ,,"Drama; 
Music; 
Romance",8 June 2018,7.8,Pawel Pawlikowski,Joanna Kulig;Tomasz Kot;Borys Szyc;Agata Kulesza;Cédric Kahn;Jeanne Balibar;Adam Woronowicz;Adam Ferency;Drazen Sivak;Slavko Sobin;Aloïse Sauvage;Adam Szyszkowski;Anna Zagórska;Tomasz Markiewicz;Izabela Andrzejak,,88,
83,Doragon bôru chô: Burorî - Dragon Ball Super: Broly ,PG,,14 December 2018,9.3,Tatsuya Nagamine,Sean Schemmel;Christopher Sabat;Vic Mignogna;Chris Ayres;Sonny Strait;Emily Neves;Monica Rial;Kara Edwards;Alexis Tipton;Jason Douglas;Ian Sinclair;Dameon Clarke;Erica Lindbeck;Bruce Carey;Sonny Franks,,100,
84,The Shape of Water ,,"Adventure; 
Drama; 
Fantasy",8 December 2017,7.4,Guillermo del Toro,Sally Hawkins;Michael Shannon;Richard Jenkins;Octavia Spencer;Michael Stuhlbarg;Doug Jones;David Hewlett;Nick Searcy;Stewart Arnott;Nigel Bennett;Lauren Lee Smith;Martin Roach;Allegra Fulton;John Kapelos;Morgan Kelly,19400000,123,194349972
85,A Quiet Place ,,"Drama; 
Horror; 
Mystery",6 April 2018,7.6,John Krasinski,Emily Blunt;John Krasinski;Millicent Simmonds;Noah Jupe;Cade Woodward;Leon Russom,17000000,90,332583447
86,The Little Mermaid ,PG,"Adventure; 
Drama; 
Fantasy",17 August 2018,4.2,,William Moseley;Poppy Drayton;Loreto Peralta;Armando Gutierrez;Shirley MacLaine;Gina Gershon;Shanna Collins;Chris Yong;Jo Marie Payton;Tom Nowicki;Lexy Kolker;Claire Ryann;Jared Sandler;Hunter Gomez;Antares Davis,,85,
87,The Nun ,,,7 September 2018,5.5,Corin Hardy,Demián Bichir;Taissa Farmiga;Jonas Bloquet;Bonnie Aarons;Ingrid Bisu;Patrick Wilson;Vera Farmiga;Lili Taylor;Charlotte Hope;Sandra Teles;Maria Obretin;August Maturo;Jack Falk;Lynnette Gaza;Ani Sava,22000000,96,360045963
88,Instant Family ,PG,"Comedy; 
Drama",16 November 2018,7.6,Sean Anders,Mark Wahlberg;Rose Byrne;Isabela Moner;Gustavo Quiroz;Julianna Gamiz;Octavia Spencer;Tig Notaro;Tom Segura;Allyn Rachel;Britt Rentschler;Jody Thompson;Margo Martindale;Julie Hagerty;Michael O'Keefe;Joan Cusack,48000000,118,71343574
89,Hellboy ,,"Action; 
Fantasy; 
Horror",2 April 2004,6.9,Guillermo del Toro,Ron Perlman;John Hurt;Selma Blair;Rupert Evans;Karel Roden;Jeffrey Tambor;Doug Jones;Brian Steele;Ladislav Beran;Biddy Hodson;Corey Johnson;Kevin Trainor;Brian Caspe;James Babson;Stephen Fisher,66000000,122,99414250
90,It: Chapter Two ,,,6 September 2019,,Andy Muschietti,Jessica Chastain;James McAvoy;Bill Skarsgård;Sophia Lillis;Bill Hader;Finn Wolfhard;Xavier Dolan;Jay Ryan;Jess Weixler;Jack Dylan Grazer;Jaeden Lieberher;Javier Botet;James Ransone;Jeremy Ray Taylor;Jake Weary,,,
91,Ant-Man and the Wasp ,PG,"Action; 
Adventure; 
Comedy",6 July 2018,7.2,Peyton Reed,Paul Rudd;Evangeline Lilly;Michael Peña;Walton Goggins;Bobby Cannavale;Judy Greer;T.I.;David Dastmalchian;Hannah John-Kamen;Abby Ryder Fortson;Randall Park;Michelle Pfeiffer;Laurence Fishburne;Michael Douglas;Divian Ladwa,162000000,118,617260330
92,The Holiday ,PG,"Comedy; 
Romance",8 December 2006,6.9,Nancy Meyers,Cameron Diaz;Kate Winslet;Jude Law;Jack Black;Eli Wallach;Edward Burns;Rufus Sewell;Miffy Englefield;Emma Pritchard;Sarah Parish;Shannyn Sossamon;Bill Macy;Shelley Berman;Kathryn Hahn;John Krasinski,85000000,138,205135324
93,A Christmas Story ,PG,"Comedy; 
Family",18 November 1983,8.0,Bob Clark,Melinda Dillon;Darren McGavin;Scott Schwartz;Jean Shepherd;Ian Petrella;Tedde Moore;R.D. Robb;Zack Ward;Yano Anaya;Jeff Gillen;Peter Billingsley;Colin Fox;Paul Hubbard;Leslie Carlson;Jim Hunter,3300000,94,
94,Under the Silver Lake ,,"Comedy; 
Crime; 
Drama",19 April 2019,6.4,David Robert Mitchell,Andrew Garfield;Wendy Vanden Heuvel;Deborah Geffner;Riley Keough;Riki Lindhome;Jeannine Cota;Chris Gann;Callie Hernandez;Jessica Makinson;Reese Hartwig;Izzie Coffey;Kayla DiVenere;Tucker Meek;Sky Elobar;Stephanie Moore,8500000,139,
95,John Wick: Chapter 3 ,,"Action; 
Crime; 
Thriller",17 May 2019,,Chad Stahelski,Keanu Reeves;Ian McShane;Jason Mantzoukas;Halle Berry;Laurence Fishburne;Hiroyuki Sanada;Asia Kate Dillon;Anjelica Huston;Robin Lord Taylor;Lance Reddick;Mark Dacascos;Kay Day;Faith Logan;Yayan Ruhian;Dana Schick,,,
96,Destroyer ,R,"Action; 
Crime; 
Drama",25 December 2018,6.7,Karyn Kusama,Nicole Kidman;Toby Kebbell;Tatiana Maslany;Sebastian Stan;Scoot McNairy;Bradley Whitford;Toby Huss;James Jordan;Beau Knapp;Jade Pettyjohn;Shamier Anderson;Zach Villa;Natalia Cordova-Buckley;Colby French;Kelvin Han Yee,9000000,120,
97,Hereditary ,,"Drama; 
Horror; 
Mystery",8 June 2018,7.3,Ari Aster,Alex Wolff;Gabriel Byrne;Toni Collette;Milly Shapiro;Christy Summerhays;Morgan Lund;Mallory Bechtel;Jake Brown;Harrison Nell;BriAnn Rachele;Heidi Méndez;Moises L. Tovar;Jarrod Phillips;Ann Dowd;Brock McKinney,10000000,127,79275328
98,Brightburn ,,,24 May 2019,,David Yarovesky,Elizabeth Banks;Meredith Hagner;David Denman;Matt Jones;Jennifer Holland;Jackson A. Dunn;Gregory Alan Williams;Becky Wahlstrom;Steve Agee;Christian Finlayson;Elizabeth Becka;Emmie Hunter;Stephen Blackehart;Terence Rosemore;Gwen Parrish,,,
99,The Irishman ,,,2019,,Martin Scorsese,Joe Pesci;Robert De Niro;Al Pacino;Jesse Plemons;Bobby Cannavale;Anna Paquin;Ray Romano;Harvey Keitel;Jack Huston;Stephen Graham;Natasha Romanova;Domenick Lombardozzi;Kathrine Narducci;Aleksa Palladino;Sebastian Maniscalco,125000000,,
